Datetime,Water Level (m)
2025-11-16 06:00:00,0.24934925
2025-11-16 07:00:00,0.45959914
2025-11-16 08:00:00,0.60501987
2025-11-16 09:00:00,0.60582733
2025-11-16 10:00:00,0.44481486
2025-11-16 11:00:00,0.1966399
2025-11-16 12:00:00,-0.0065852813
2025-11-16 13:00:00,-0.17883524
2025-11-16 14:00:00,-0.32737216
2025-11-16 15:00:00,-0.44932136
2025-11-16 16:00:00,-0.5203534
2025-11-16 17:00:00,-0.3066085
2025-11-16 18:00:00,0.21338841
2025-11-16 19:00:00,0.56096876
2025-11-16 20:00:00,0.81197554
2025-11-16 21:00:00,0.91731626
2025-11-16 22:00:00,0.87388945
2025-11-16 23:00:00,0.6219338
2025-11-17 00:00:00,0.3163431
2025-11-17 01:00:00,0.10055461
2025-11-17 02:00:00,-0.078090176
2025-11-17 03:00:00,-0.22627234
2025-11-17 04:00:00,-0.3474249
2025-11-17 05:00:00,-0.40009293
2025-11-17 06:00:00,-0.112058386
2025-11-17 07:00:00,0.36050794
2025-11-17 08:00:00,0.66665745
2025-11-17 09:00:00,0.8025344
2025-11-17 10:00:00,0.75340503
2025-11-17 11:00:00,0.5276417
2025-11-17 12:00:00,0.28085804
2025-11-17 13:00:00,0.07214502
2025-11-17 14:00:00,-0.11234407
2025-11-17 15:00:00,-0.26541615
2025-11-17 16:00:00,-0.38694084
2025-11-17 17:00:00,-0.41814464
2025-11-17 18:00:00,-0.032631867
2025-11-17 19:00:00,0.45707324
2025-11-17 20:00:00,0.80471027
2025-11-17 21:00:00,1.0137503
2025-11-17 22:00:00,1.066871
2025-11-17 23:00:00,0.9187947
2025-11-18 00:00:00,0.59228355
2025-11-18 01:00:00,0.33173522
2025-11-18 02:00:00,0.12588465
2025-11-18 03:00:00,-0.058462948
2025-11-18 04:00:00,-0.20741522
2025-11-18 05:00:00,-0.3276197
2025-11-18 06:00:00,-0.3173147
2025-11-18 07:00:00,0.12896217
2025-11-18 08:00:00,0.54837376
2025-11-18 09:00:00,0.80606693
2025-11-18 10:00:00,0.85251
2025-11-18 11:00:00,0.7093857
2025-11-18 12:00:00,0.4518179
2025-11-18 13:00:00,0.23084995
2025-11-18 14:00:00,0.022294814
2025-11-18 15:00:00,-0.15265936
2025-11-18 16:00:00,-0.29760444
2025-11-18 17:00:00,-0.4014352
2025-11-18 18:00:00,-0.27484745
2025-11-18 19:00:00,0.29685923
2025-11-18 20:00:00,0.70765394
2025-11-18 21:00:00,1.0052634
2025-11-18 22:00:00,1.1429343
2025-11-18 23:00:00,1.1132896
2025-11-19 00:00:00,0.84276235
2025-11-19 01:00:00,0.52005565
2025-11-19 02:00:00,0.2915053
2025-11-19 03:00:00,0.091147766
2025-11-19 04:00:00,-0.08418216
2025-11-19 05:00:00,-0.2252628
2025-11-19 06:00:00,-0.32460117
2025-11-19 07:00:00,-0.15098698
2025-11-19 08:00:00,0.3842134
2025-11-19 09:00:00,0.7319612
2025-11-19 10:00:00,0.89503103
2025-11-19 11:00:00,0.84647614
2025-11-19 12:00:00,0.6206669
2025-11-19 13:00:00,0.37633497
2025-11-19 14:00:00,0.1611251
2025-11-19 15:00:00,-0.03665496
2025-11-19 16:00:00,-0.19616657
2025-11-19 17:00:00,-0.32852983
2025-11-19 18:00:00,-0.3772007
2025-11-19 19:00:00,0.025540866
2025-11-19 20:00:00,0.5586258
2025-11-19 21:00:00,0.92914057
2025-11-19 22:00:00,1.1614507
2025-11-19 23:00:00,1.2362659
2025-11-20 00:00:00,1.0849698
2025-11-20 01:00:00,0.731301
2025-11-20 02:00:00,0.4501939
2025-11-20 03:00:00,0.23925345
2025-11-20 04:00:00,0.04618257
2025-11-20 05:00:00,-0.117039904
2025-11-20 06:00:00,-0.25231376
2025-11-20 07:00:00,-0.29387048
2025-11-20 08:00:00,0.110768415
2025-11-20 09:00:00,0.5723097
2025-11-20 10:00:00,0.8422884
2025-11-20 11:00:00,0.89370835
2025-11-20 12:00:00,0.7483295
2025-11-20 13:00:00,0.49296573
2025-11-20 14:00:00,0.26983228
2025-11-20 15:00:00,0.05918879
2025-11-20 16:00:00,-0.121756546
2025-11-20 17:00:00,-0.27087826
2025-11-20 18:00:00,-0.3831718
2025-11-20 19:00:00,-0.2969163
2025-11-20 20:00:00,0.28996554
2025-11-20 21:00:00,0.7349933
2025-11-20 22:00:00,1.05572
2025-11-20 23:00:00,1.2092443
2025-11-21 00:00:00,1.1845452
2025-11-21 01:00:00,0.90516126
2025-11-21 02:00:00,0.57091385
2025-11-21 03:00:00,0.33795577
2025-11-21 04:00:00,0.13688965
2025-11-21 05:00:00,-0.04596348
2025-11-21 06:00:00,-0.19484499
2025-11-21 07:00:00,-0.31192
2025-11-21 08:00:00,-0.22822914
2025-11-21 09:00:00,0.30405104
2025-11-21 10:00:00,0.67778915
2025-11-21 11:00:00,0.858845
2025-11-21 12:00:00,0.80693567
2025-11-21 13:00:00,0.5825092
2025-11-21 14:00:00,0.3464277
2025-11-21 15:00:00,0.13239999
2025-11-21 16:00:00,-0.06402172
2025-11-21 17:00:00,-0.22209978
2025-11-21 18:00:00,-0.3544286
2025-11-21 19:00:00,-0.42317545
2025-11-21 20:00:00,-0.08597636
2025-11-21 21:00:00,0.48713946
2025-11-21 22:00:00,0.87200123
2025-11-21 23:00:00,1.1192523
2025-11-22 00:00:00,1.1943512
2025-11-22 01:00:00,1.0446259
2025-11-22 02:00:00,0.6947467
2025-11-22 03:00:00,0.41906357
2025-11-22 04:00:00,0.20804246
2025-11-22 05:00:00,0.015804553
2025-11-22 06:00:00,-0.14334393
